-- War_Glyphe
REPLACE INTO `creature_template` (`entry`, `difficulty_entry_1`, `difficulty_entry_2`, `difficulty_entry_3`, `KillCredit1`, `KillCredit2`, `modelid1`, `modelid2`, `modelid3`, `modelid4`, `name`, `subname`, `IconName`, `gossip_menu_id`, `minlevel`, `maxlevel`, `exp`, `faction_A`, `faction_H`, `npcflag`, `speed_walk`, `speed_run`, `scale`, `rank`, `mindmg`, `maxdmg`, `dmgschool`, `attackpower`, `dmg_multiplier`, `baseattacktime`, `rangeattacktime`, `unit_class`, `unit_flags`, `dynamicflags`, `family`, `trainer_type`, `trainer_spell`, `trainer_class`, `trainer_race`, `minrangedmg`, `maxrangedmg`, `rangedattackpower`, `type`, `type_flags`, `lootid`, `pickpocketloot`, `skinloot`, `resistance1`, `resistance2`, `resistance3`, `resistance4`, `resistance5`, `resistance6`, `spell1`, `spell2`, `spell3`, `spell4`, `spell5`, `spell6`, `spell7`, `spell8`, `PetSpellDataId`, `VehicleId`, `mingold`, `maxgold`, `AIName`, `MovementType`, `InhabitType`, `Health_mod`, `Mana_mod`, `Armor_mod`, `RacialLeader`, `questItem1`, `questItem2`, `questItem3`, `questItem4`, `questItem5`, `questItem6`, `movementId`, `RegenHealth`, `equipment_id`, `mechanic_immune_mask`, `flags_extra`, `ScriptName`, `WDBVerified`) VALUES (100001, 0, 0, 0, 0, 0, 11375, 11376, 11377, 0, 'Warrior', 'Glype Vendor', '', 0, 77, 77, 1, 1857, 1857, 128, 1, 1.42857, 1, 1, 371, 522, 0, 478, 4.6, 2000, 0, 1, 32768, 8, 0, 0, 0, 0, 0, 314, 466, 81, 7, 0, 0, 0, 0, 0, 0, 0, 0, 0, 0, 38661, 0, 0, 0, 0, 0, 0, 0, 0, 0, 0, 0, '', 1, 3, 2, 1, 1, 0, 0, 0, 0, 0, 0, 0, 144, 1, 952, 0, 0, '', 12340);
INSERT INTO `npc_vendor` (`entry`, `slot`, `item`, `maxcount`, `incrtime`, `ExtendedCost`) VALUES
('100001','0','43395','0','0','0'),
('100001','1','43396','0','0','0'),
('100001','2','43397','0','0','0'),
('100001','3','43398','0','0','0'),
('100001','4','43399','0','0','0'),
('100001','5','43400','0','0','0'),
('100001','6','43412','0','0','0'),
('100001','7','43413','0','0','0'),
('100001','8','43414','0','0','0'),
('100001','9','43415','0','0','0'),
('100001','10','43416','0','0','0'),
('100001','11','43417','0','0','0'),
('100001','12','43418','0','0','0'),
('100001','13','43419','0','0','0'),
('100001','14','43420','0','0','0'),
('100001','15','43421','0','0','0'),
('100001','16','43422','0','0','0'),
('100001','17','43423','0','0','0'),
('100001','18','43424','0','0','0'),
('100001','19','43425','0','0','0'),
('100001','20','43426','0','0','0'),
('100001','21','43427','0','0','0'),
('100001','22','43428','0','0','0'),
('100001','23','43429','0','0','0'),
('100001','24','43430','0','0','0'),
('100001','25','43431','0','0','0'),
('100001','26','43432','0','0','0'),
('100001','27','45790','0','0','0'),
('100001','28','45792','0','0','0'),
('100001','29','45793','0','0','0'),
('100001','30','45794','0','0','0'),
('100001','31','45795','0','0','0'),
('100001','32','45797','0','0','0'),
('100001','33','49084','0','0','0');
INSERT INTO `creature` (`guid`,`id`,`map`,`spawnMask`,`phaseMask`,`modelid`,`equipment_id`,`position_x`,`position_y`,`position_z`,`orientation`,`spawntimesecs`,`spawndist`,`currentwaypoint`,`curhealth`,`curmana`,`MovementType`,`npcflag`,`unit_flags`,`dynamicflags`) VALUES
(209708, 100012, 571, 1, 1, 0, 952, 5805.84, 475.147, 658.784, 5.17427, 300, 0, 0, 16960, 0, 0, 0, 0, 0);

-- Paladin
REPLACE INTO `creature_template` (`entry`, `difficulty_entry_1`, `difficulty_entry_2`, `difficulty_entry_3`, `KillCredit1`, `KillCredit2`, `modelid1`, `modelid2`, `modelid3`, `modelid4`, `name`, `subname`, `IconName`, `gossip_menu_id`, `minlevel`, `maxlevel`, `exp`, `faction_A`, `faction_H`, `npcflag`, `speed_walk`, `speed_run`, `scale`, `rank`, `mindmg`, `maxdmg`, `dmgschool`, `attackpower`, `dmg_multiplier`, `baseattacktime`, `rangeattacktime`, `unit_class`, `unit_flags`, `dynamicflags`, `family`, `trainer_type`, `trainer_spell`, `trainer_class`, `trainer_race`, `minrangedmg`, `maxrangedmg`, `rangedattackpower`, `type`, `type_flags`, `lootid`, `pickpocketloot`, `skinloot`, `resistance1`, `resistance2`, `resistance3`, `resistance4`, `resistance5`, `resistance6`, `spell1`, `spell2`, `spell3`, `spell4`, `spell5`, `spell6`, `spell7`, `spell8`, `PetSpellDataId`, `VehicleId`, `mingold`, `maxgold`, `AIName`, `MovementType`, `InhabitType`, `Health_mod`, `Mana_mod`, `Armor_mod`, `RacialLeader`, `questItem1`, `questItem2`, `questItem3`, `questItem4`, `questItem5`, `questItem6`, `movementId`, `RegenHealth`, `equipment_id`, `mechanic_immune_mask`, `flags_extra`, `ScriptName`, `WDBVerified`) VALUES (100002, 0, 0, 0, 0, 0, 11375, 11376, 11377, 0, 'Paladin', 'Glype Vendor', '', 0, 77, 77, 1, 1857, 1857, 128, 1, 1.42857, 1, 1, 371, 522, 0, 478, 4.6, 2000, 0, 1, 32768, 8, 0, 0, 0, 0, 0, 314, 466, 81, 7, 0, 0, 0, 0, 0, 0, 0, 0, 0, 0, 38661, 0, 0, 0, 0, 0, 0, 0, 0, 0, 0, 0, '', 1, 3, 2, 1, 1, 0, 0, 0, 0, 0, 0, 0, 144, 1, 952, 0, 0, '', 12340);
INSERT INTO `npc_vendor` (`entry`, `slot`, `item`, `maxcount`, `incrtime`, `ExtendedCost`) VALUES
('100002','0','41092','0','0','0'),
('100002','1','41094','0','0','0'),
('100002','2','41095','0','0','0'),
('100002','3','41096','0','0','0'),
('100002','4','41097','0','0','0'),
('100002','5','41098','0','0','0'),
('100002','6','41099','0','0','0'),
('100002','7','41100','0','0','0'),
('100002','8','41101','0','0','0'),
('100002','9','41102','0','0','0'),
('100002','10','41103','0','0','0'),
('100002','11','41104','0','0','0'),
('100002','12','41105','0','0','0'),
('100002','13','41106','0','0','0'),
('100002','14','41107','0','0','0'),
('100002','15','41108','0','0','0'),
('100002','16','41109','0','0','0'),
('100002','17','41110','0','0','0'),
('100002','18','43340','0','0','0'),
('100002','19','43365','0','0','0'),
('100002','20','43366','0','0','0'),
('100002','21','43367','0','0','0'),
('100002','22','43368','0','0','0'),
('100002','23','43369','0','0','0'),
('100002','24','43867','0','0','0'),
('100002','25','43868','0','0','0'),
('100002','26','43869','0','0','0'),
('100002','27','45741','0','0','0'),
('100002','28','45742','0','0','0'),
('100002','29','45743','0','0','0'),
('100002','30','45744','0','0','0'),
('100002','31','45745','0','0','0'),
('100002','32','45746','0','0','0'),
('100002','33','45747','0','0','0');
INSERT INTO `creature` (`guid`,`id`,`map`,`spawnMask`,`phaseMask`,`modelid`,`equipment_id`,`position_x`,`position_y`,`position_z`,`orientation`,`spawntimesecs`,`spawndist`,`currentwaypoint`,`curhealth`,`curmana`,`MovementType`,`npcflag`,`unit_flags`,`dynamicflags`) VALUES
(209715, 100013, 571, 1, 1, 0, 952, 5796.43, 470.121, 658.784, 5.46387, 300, 0, 0, 16960, 0, 0, 0, 0, 0);

-- Hunter
REPLACE INTO `creature_template` (`entry`, `difficulty_entry_1`, `difficulty_entry_2`, `difficulty_entry_3`, `KillCredit1`, `KillCredit2`, `modelid1`, `modelid2`, `modelid3`, `modelid4`, `name`, `subname`, `IconName`, `gossip_menu_id`, `minlevel`, `maxlevel`, `exp`, `faction_A`, `faction_H`, `npcflag`, `speed_walk`, `speed_run`, `scale`, `rank`, `mindmg`, `maxdmg`, `dmgschool`, `attackpower`, `dmg_multiplier`, `baseattacktime`, `rangeattacktime`, `unit_class`, `unit_flags`, `dynamicflags`, `family`, `trainer_type`, `trainer_spell`, `trainer_class`, `trainer_race`, `minrangedmg`, `maxrangedmg`, `rangedattackpower`, `type`, `type_flags`, `lootid`, `pickpocketloot`, `skinloot`, `resistance1`, `resistance2`, `resistance3`, `resistance4`, `resistance5`, `resistance6`, `spell1`, `spell2`, `spell3`, `spell4`, `spell5`, `spell6`, `spell7`, `spell8`, `PetSpellDataId`, `VehicleId`, `mingold`, `maxgold`, `AIName`, `MovementType`, `InhabitType`, `Health_mod`, `Mana_mod`, `Armor_mod`, `RacialLeader`, `questItem1`, `questItem2`, `questItem3`, `questItem4`, `questItem5`, `questItem6`, `movementId`, `RegenHealth`, `equipment_id`, `mechanic_immune_mask`, `flags_extra`, `ScriptName`, `WDBVerified`) VALUES (100003, 0, 0, 0, 0, 0, 11375, 11376, 11377, 0, 'Hunter', 'Glype Vendor', '', 0, 77, 77, 1, 1857, 1857, 128, 1, 1.42857, 1, 1, 371, 522, 0, 478, 4.6, 2000, 0, 1, 32768, 8, 0, 0, 0, 0, 0, 314, 466, 81, 7, 0, 0, 0, 0, 0, 0, 0, 0, 0, 0, 38661, 0, 0, 0, 0, 0, 0, 0, 0, 0, 0, 0, '', 1, 3, 2, 1, 1, 0, 0, 0, 0, 0, 0, 0, 144, 1, 952, 0, 0, '', 12340);
INSERT INTO `npc_vendor` (`entry`, `slot`, `item`, `maxcount`, `incrtime`, `ExtendedCost`) VALUES
('100003','0','42897','0','0','0'),
('100003','1','42898','0','0','0'),
('100003','2','42899','0','0','0'),
('100003','3','42900','0','0','0'),
('100003','4','42901','0','0','0'),
('100003','5','42902','0','0','0'),
('100003','6','42903','0','0','0'),
('100003','7','42904','0','0','0'),
('100003','8','42905','0','0','0'),
('100003','9','42906','0','0','0'),
('100003','10','42907','0','0','0'),
('100003','11','42908','0','0','0'),
('100003','12','42909','0','0','0'),
('100003','13','42910','0','0','0'),
('100003','14','42911','0','0','0'),
('100003','15','42912','0','0','0'),
('100003','16','42913','0','0','0'),
('100003','17','42914','0','0','0'),
('100003','18','42915','0','0','0'),
('100003','19','42916','0','0','0'),
('100003','20','42917','0','0','0'),
('100003','21','43338','0','0','0'),
('100003','22','43350','0','0','0'),
('100003','23','43351','0','0','0'),
('100003','24','43354','0','0','0'),
('100003','25','43355','0','0','0'),
('100003','26','43356','0','0','0'),
('100003','27','45625','0','0','0'),
('100003','28','45731','0','0','0'),
('100003','29','45732','0','0','0'),
('100003','30','45733','0','0','0'),
('100003','31','45734','0','0','0'),
('100003','32','45735','0','0','0');
INSERT INTO `creature` (`guid`,`id`,`map`,`spawnMask`,`phaseMask`,`modelid`,`equipment_id`,`position_x`,`position_y`,`position_z`,`orientation`,`spawntimesecs`,`spawndist`,`currentwaypoint`,`curhealth`,`curmana`,`MovementType`,`npcflag`,`unit_flags`,`dynamicflags`) VALUES
(209715, 100013, 571, 1, 1, 0, 952, 5796.43, 470.121, 658.784, 5.46387, 300, 0, 0, 16960, 0, 0, 0, 0, 0);

-- Rogue
REPLACE INTO `creature_template` (`entry`, `difficulty_entry_1`, `difficulty_entry_2`, `difficulty_entry_3`, `KillCredit1`, `KillCredit2`, `modelid1`, `modelid2`, `modelid3`, `modelid4`, `name`, `subname`, `IconName`, `gossip_menu_id`, `minlevel`, `maxlevel`, `exp`, `faction_A`, `faction_H`, `npcflag`, `speed_walk`, `speed_run`, `scale`, `rank`, `mindmg`, `maxdmg`, `dmgschool`, `attackpower`, `dmg_multiplier`, `baseattacktime`, `rangeattacktime`, `unit_class`, `unit_flags`, `dynamicflags`, `family`, `trainer_type`, `trainer_spell`, `trainer_class`, `trainer_race`, `minrangedmg`, `maxrangedmg`, `rangedattackpower`, `type`, `type_flags`, `lootid`, `pickpocketloot`, `skinloot`, `resistance1`, `resistance2`, `resistance3`, `resistance4`, `resistance5`, `resistance6`, `spell1`, `spell2`, `spell3`, `spell4`, `spell5`, `spell6`, `spell7`, `spell8`, `PetSpellDataId`, `VehicleId`, `mingold`, `maxgold`, `AIName`, `MovementType`, `InhabitType`, `Health_mod`, `Mana_mod`, `Armor_mod`, `RacialLeader`, `questItem1`, `questItem2`, `questItem3`, `questItem4`, `questItem5`, `questItem6`, `movementId`, `RegenHealth`, `equipment_id`, `mechanic_immune_mask`, `flags_extra`, `ScriptName`, `WDBVerified`) VALUES (100004, 0, 0, 0, 0, 0, 11375, 11376, 11377, 0, 'Rogue', 'Glype Vendor', '', 0, 77, 77, 1, 1857, 1857, 128, 1, 1.42857, 1, 1, 371, 522, 0, 478, 4.6, 2000, 0, 1, 32768, 8, 0, 0, 0, 0, 0, 314, 466, 81, 7, 0, 0, 0, 0, 0, 0, 0, 0, 0, 0, 38661, 0, 0, 0, 0, 0, 0, 0, 0, 0, 0, 0, '', 1, 3, 2, 1, 1, 0, 0, 0, 0, 0, 0, 0, 144, 1, 952, 0, 0, '', 12340);
INSERT INTO `npc_vendor` (`entry`, `slot`, `item`, `maxcount`, `incrtime`, `ExtendedCost`) VALUES
('100004','0','42954','0','0','0'),
('100004','1','42955','0','0','0'),
('100004','2','42956','0','0','0'),
('100004','3','42957','0','0','0'),
('100004','4','42958','0','0','0'),
('100004','5','42959','0','0','0'),
('100004','6','42960','0','0','0'),
('100004','7','42961','0','0','0'),
('100004','8','42962','0','0','0'),
('100004','9','42963','0','0','0'),
('100004','10','42964','0','0','0'),
('100004','11','42965','0','0','0'),
('100004','12','42966','0','0','0'),
('100004','13','42967','0','0','0'),
('100004','14','42968','0','0','0'),
('100004','15','42969','0','0','0'),
('100004','16','42970','0','0','0'),
('100004','17','42971','0','0','0'),
('100004','18','42972','0','0','0'),
('100004','19','42973','0','0','0'),
('100004','20','42974','0','0','0'),
('100004','21','43343','0','0','0'),
('100004','22','43376','0','0','0'),
('100004','23','43377','0','0','0'),
('100004','24','43378','0','0','0'),
('100004','25','43379','0','0','0'),
('100004','26','43380','0','0','0'),
('100004','27','45761','0','0','0'),
('100004','28','45762','0','0','0'),
('100004','29','45764','0','0','0'),
('100004','30','45766','0','0','0'),
('100004','31','45767','0','0','0'),
('100004','32','45768','0','0','0'),
('100004','33','45769','0','0','0'),
('100004','34','45908','0','0','0');  
INSERT INTO `creature` (`guid`,`id`,`map`,`spawnMask`,`phaseMask`,`modelid`,`equipment_id`,`position_x`,`position_y`,`position_z`,`orientation`,`spawntimesecs`,`spawndist`,`currentwaypoint`,`curhealth`,`curmana`,`MovementType`,`npcflag`,`unit_flags`,`dynamicflags`) VALUES
(209720, 100004, 571, 1, 1, 0, 952, 5794.18, 468.254, 658.782, 5.41956, 300, 0, 0, 16960, 0, 0, 0, 0, 0);

-- Priest
REPLACE INTO `creature_template` (`entry`, `difficulty_entry_1`, `difficulty_entry_2`, `difficulty_entry_3`, `KillCredit1`, `KillCredit2`, `modelid1`, `modelid2`, `modelid3`, `modelid4`, `name`, `subname`, `IconName`, `gossip_menu_id`, `minlevel`, `maxlevel`, `exp`, `faction_A`, `faction_H`, `npcflag`, `speed_walk`, `speed_run`, `scale`, `rank`, `mindmg`, `maxdmg`, `dmgschool`, `attackpower`, `dmg_multiplier`, `baseattacktime`, `rangeattacktime`, `unit_class`, `unit_flags`, `dynamicflags`, `family`, `trainer_type`, `trainer_spell`, `trainer_class`, `trainer_race`, `minrangedmg`, `maxrangedmg`, `rangedattackpower`, `type`, `type_flags`, `lootid`, `pickpocketloot`, `skinloot`, `resistance1`, `resistance2`, `resistance3`, `resistance4`, `resistance5`, `resistance6`, `spell1`, `spell2`, `spell3`, `spell4`, `spell5`, `spell6`, `spell7`, `spell8`, `PetSpellDataId`, `VehicleId`, `mingold`, `maxgold`, `AIName`, `MovementType`, `InhabitType`, `Health_mod`, `Mana_mod`, `Armor_mod`, `RacialLeader`, `questItem1`, `questItem2`, `questItem3`, `questItem4`, `questItem5`, `questItem6`, `movementId`, `RegenHealth`, `equipment_id`, `mechanic_immune_mask`, `flags_extra`, `ScriptName`, `WDBVerified`) VALUES (100005, 0, 0, 0, 0, 0, 11375, 11376, 11377, 0, 'Priest', 'Glype Vendor', '', 0, 77, 77, 1, 1857, 1857, 128, 1, 1.42857, 1, 1, 371, 522, 0, 478, 4.6, 2000, 0, 1, 32768, 8, 0, 0, 0, 0, 0, 314, 466, 81, 7, 0, 0, 0, 0, 0, 0, 0, 0, 0, 0, 38661, 0, 0, 0, 0, 0, 0, 0, 0, 0, 0, 0, '', 1, 3, 2, 1, 1, 0, 0, 0, 0, 0, 0, 0, 144, 1, 952, 0, 0, '', 12340);
INSERT INTO `npc_vendor` (`entry`, `slot`, `item`, `maxcount`, `incrtime`, `ExtendedCost`) VALUES
('100005','0','42396','0','0','0'),
('100005','1','42397','0','0','0'),
('100005','2','42398','0','0','0'),
('100005','3','42399','0','0','0'),
('100005','4','42400','0','0','0'),
('100005','5','42401','0','0','0'),
('100005','6','42402','0','0','0'),
('100005','7','42403','0','0','0'),
('100005','8','42404','0','0','0'),
('100005','9','42405','0','0','0'),
('100005','10','42406','0','0','0'),
('100005','11','42407','0','0','0'),
('100005','12','42408','0','0','0'),
('100005','13','42409','0','0','0'),
('100005','14','42410','0','0','0'),
('100005','15','42411','0','0','0'),
('100005','16','42412','0','0','0'),
('100005','17','42414','0','0','0'),
('100005','18','42415','0','0','0'),
('100005','19','42416','0','0','0'),
('100005','20','42417','0','0','0'),
('100005','21','43342','0','0','0'),
('100005','22','43370','0','0','0'),
('100005','23','43371','0','0','0'),
('100005','24','43372','0','0','0'),
('100005','25','43373','0','0','0'),
('100005','26','43374','0','0','0'),
('100005','27','45753','0','0','0'),
('100005','28','45755','0','0','0'),
('100005','29','45756','0','0','0'),
('100005','30','45757','0','0','0'),
('100005','31','45758','0','0','0'),
('100005','32','45760','0','0','0');
INSERT INTO `creature` (`guid`,`id`,`map`,`spawnMask`,`phaseMask`,`modelid`,`equipment_id`,`position_x`,`position_y`,`position_z`,`orientation`,`spawntimesecs`,`spawndist`,`currentwaypoint`,`curhealth`,`curmana`,`MovementType`,`npcflag`,`unit_flags`,`dynamicflags`) VALUES
(209716, 100016, 571, 1, 1, 0, 952, 5795.3, 469.192, 658.783, 5.59433, 300, 0, 0, 16960, 0, 0, 0, 0, 0);

-- Death Knight
REPLACE INTO `creature_template` (`entry`, `difficulty_entry_1`, `difficulty_entry_2`, `difficulty_entry_3`, `KillCredit1`, `KillCredit2`, `modelid1`, `modelid2`, `modelid3`, `modelid4`, `name`, `subname`, `IconName`, `gossip_menu_id`, `minlevel`, `maxlevel`, `exp`, `faction_A`, `faction_H`, `npcflag`, `speed_walk`, `speed_run`, `scale`, `rank`, `mindmg`, `maxdmg`, `dmgschool`, `attackpower`, `dmg_multiplier`, `baseattacktime`, `rangeattacktime`, `unit_class`, `unit_flags`, `dynamicflags`, `family`, `trainer_type`, `trainer_spell`, `trainer_class`, `trainer_race`, `minrangedmg`, `maxrangedmg`, `rangedattackpower`, `type`, `type_flags`, `lootid`, `pickpocketloot`, `skinloot`, `resistance1`, `resistance2`, `resistance3`, `resistance4`, `resistance5`, `resistance6`, `spell1`, `spell2`, `spell3`, `spell4`, `spell5`, `spell6`, `spell7`, `spell8`, `PetSpellDataId`, `VehicleId`, `mingold`, `maxgold`, `AIName`, `MovementType`, `InhabitType`, `Health_mod`, `Mana_mod`, `Armor_mod`, `RacialLeader`, `questItem1`, `questItem2`, `questItem3`, `questItem4`, `questItem5`, `questItem6`, `movementId`, `RegenHealth`, `equipment_id`, `mechanic_immune_mask`, `flags_extra`, `ScriptName`, `WDBVerified`) VALUES (100006, 0, 0, 0, 0, 0, 11375, 11376, 11377, 0, 'Death Knight', 'Glype Vendor', '', 0, 77, 77, 1, 1857, 1857, 128, 1, 1.42857, 1, 1, 371, 522, 0, 478, 4.6, 2000, 0, 1, 32768, 8, 0, 0, 0, 0, 0, 314, 466, 81, 7, 0, 0, 0, 0, 0, 0, 0, 0, 0, 0, 38661, 0, 0, 0, 0, 0, 0, 0, 0, 0, 0, 0, '', 1, 3, 2, 1, 1, 0, 0, 0, 0, 0, 0, 0, 144, 1, 952, 0, 0, '', 12340);
INSERT INTO `npc_vendor` (`entry`, `slot`, `item`, `maxcount`, `incrtime`, `ExtendedCost`) VALUES
('100006','0','43533','0','0','0'),
('100006','1','43534','0','0','0'),
('100006','2','43535','0','0','0'),
('100006','3','43536','0','0','0'),
('100006','4','43537','0','0','0'),
('100006','5','43538','0','0','0'),
('100006','6','43539','0','0','0'),
('100006','7','43541','0','0','0'),
('100006','8','43542','0','0','0'),
('100006','9','43543','0','0','0'),
('100006','10','43544','0','0','0'),
('100006','11','43545','0','0','0'),
('100006','12','43546','0','0','0'),
('100006','13','43547','0','0','0'),
('100006','14','43548','0','0','0'),
('100006','15','43549','0','0','0'),
('100006','16','43550','0','0','0'),
('100006','17','43551','0','0','0'),
('100006','18','43552','0','0','0'),
('100006','19','43553','0','0','0'),
('100006','20','43554','0','0','0'),
('100006','21','43671','0','0','0'),
('100006','22','43672','0','0','0'),
('100006','23','43673','0','0','0'),
('100006','24','43825','0','0','0'),
('100006','25','43826','0','0','0'),
('100006','26','43827','0','0','0'),
('100006','27','45799','0','0','0'),
('100006','28','45800','0','0','0'),
('100006','29','45803','0','0','0'),
('100006','30','45804','0','0','0'),
('100006','31','45805','0','0','0'),
('100006','32','45806','0','0','0'),
('100006','33','37301','0','0','0'),
('100006','34','44432','0','0','0');

INSERT INTO `creature` (`guid`,`id`,`map`,`spawnMask`,`phaseMask`,`modelid`,`equipment_id`,`position_x`,`position_y`,`position_z`,`orientation`,`spawntimesecs`,`spawndist`,`currentwaypoint`,`curhealth`,`curmana`,`MovementType`,`npcflag`,`unit_flags`,`dynamicflags`) VALUES
(209712, 100017, 571, 1, 1, 0, 952, 5800.48, 472.849, 658.784, 4.95258, 300, 0, 0, 16960, 0, 0, 0, 0, 0);

-- Shaman
REPLACE INTO `creature_template` (`entry`, `difficulty_entry_1`, `difficulty_entry_2`, `difficulty_entry_3`, `KillCredit1`, `KillCredit2`, `modelid1`, `modelid2`, `modelid3`, `modelid4`, `name`, `subname`, `IconName`, `gossip_menu_id`, `minlevel`, `maxlevel`, `exp`, `faction_A`, `faction_H`, `npcflag`, `speed_walk`, `speed_run`, `scale`, `rank`, `mindmg`, `maxdmg`, `dmgschool`, `attackpower`, `dmg_multiplier`, `baseattacktime`, `rangeattacktime`, `unit_class`, `unit_flags`, `dynamicflags`, `family`, `trainer_type`, `trainer_spell`, `trainer_class`, `trainer_race`, `minrangedmg`, `maxrangedmg`, `rangedattackpower`, `type`, `type_flags`, `lootid`, `pickpocketloot`, `skinloot`, `resistance1`, `resistance2`, `resistance3`, `resistance4`, `resistance5`, `resistance6`, `spell1`, `spell2`, `spell3`, `spell4`, `spell5`, `spell6`, `spell7`, `spell8`, `PetSpellDataId`, `VehicleId`, `mingold`, `maxgold`, `AIName`, `MovementType`, `InhabitType`, `Health_mod`, `Mana_mod`, `Armor_mod`, `RacialLeader`, `questItem1`, `questItem2`, `questItem3`, `questItem4`, `questItem5`, `questItem6`, `movementId`, `RegenHealth`, `equipment_id`, `mechanic_immune_mask`, `flags_extra`, `ScriptName`, `WDBVerified`) VALUES (100007, 0, 0, 0, 0, 0, 11375, 11376, 11377, 0, 'Shaman', 'Glype Vendor', '', 0, 77, 77, 1, 1857, 1857, 128, 1, 1.42857, 1, 1, 371, 522, 0, 478, 4.6, 2000, 0, 1, 32768, 8, 0, 0, 0, 0, 0, 314, 466, 81, 7, 0, 0, 0, 0, 0, 0, 0, 0, 0, 0, 38661, 0, 0, 0, 0, 0, 0, 0, 0, 0, 0, 0, '', 1, 3, 2, 1, 1, 0, 0, 0, 0, 0, 0, 0, 144, 1, 952, 0, 0, '', 12340);
INSERT INTO `npc_vendor` (`entry`, `slot`, `item`, `maxcount`, `incrtime`, `ExtendedCost`) VALUES
('100007','0','41517','0','0','0'),
('100007','1','41518','0','0','0'),
('100007','2','41524','0','0','0'),
('100007','3','41526','0','0','0'),
('100007','4','41527','0','0','0'),
('100007','5','41529','0','0','0'),
('100007','6','41530','0','0','0'),
('100007','7','41531','0','0','0'),
('100007','8','41532','0','0','0'),
('100007','9','41533','0','0','0'),
('100007','10','41534','0','0','0'),
('100007','11','41535','0','0','0'),
('100007','12','41536','0','0','0'),
('100007','13','41537','0','0','0'),
('100007','14','41538','0','0','0'),
('100007','15','41539','0','0','0'),
('100007','16','41540','0','0','0'),
('100007','17','41541','0','0','0'),
('100007','18','41542','0','0','0'),
('100007','19','41547','0','0','0'),
('100007','20','41552','0','0','0'),
('100007','21','43344','0','0','0'),
('100007','22','43381','0','0','0'),
('100007','23','43385','0','0','0'),
('100007','24','43386','0','0','0'),
('100007','25','43388','0','0','0'),
('100007','26','43725','0','0','0'),
('100007','27','44923','0','0','0'),
('100007','28','45770','0','0','0'),
('100007','29','45771','0','0','0'),
('100007','30','45772','0','0','0'),
('100007','31','45775','0','0','0'),
('100007','32','45776','0','0','0'),
('100007','33','45777','0','0','0'),
('100007','34','45778','0','0','0');

INSERT INTO `creature` (`guid`,`id`,`map`,`spawnMask`,`phaseMask`,`modelid`,`equipment_id`,`position_x`,`position_y`,`position_z`,`orientation`,`spawntimesecs`,`spawndist`,`currentwaypoint`,`curhealth`,`curmana`,`MovementType`,`npcflag`,`unit_flags`,`dynamicflags`) VALUES
(209711, 100018, 571, 1, 1, 0, 952, 5801.76, 473.387, 658.784, 4.95258, 300, 0, 0, 16960, 0, 0, 0, 0, 0);

-- Mage
REPLACE INTO `creature_template` (`entry`, `difficulty_entry_1`, `difficulty_entry_2`, `difficulty_entry_3`, `KillCredit1`, `KillCredit2`, `modelid1`, `modelid2`, `modelid3`, `modelid4`, `name`, `subname`, `IconName`, `gossip_menu_id`, `minlevel`, `maxlevel`, `exp`, `faction_A`, `faction_H`, `npcflag`, `speed_walk`, `speed_run`, `scale`, `rank`, `mindmg`, `maxdmg`, `dmgschool`, `attackpower`, `dmg_multiplier`, `baseattacktime`, `rangeattacktime`, `unit_class`, `unit_flags`, `dynamicflags`, `family`, `trainer_type`, `trainer_spell`, `trainer_class`, `trainer_race`, `minrangedmg`, `maxrangedmg`, `rangedattackpower`, `type`, `type_flags`, `lootid`, `pickpocketloot`, `skinloot`, `resistance1`, `resistance2`, `resistance3`, `resistance4`, `resistance5`, `resistance6`, `spell1`, `spell2`, `spell3`, `spell4`, `spell5`, `spell6`, `spell7`, `spell8`, `PetSpellDataId`, `VehicleId`, `mingold`, `maxgold`, `AIName`, `MovementType`, `InhabitType`, `Health_mod`, `Mana_mod`, `Armor_mod`, `RacialLeader`, `questItem1`, `questItem2`, `questItem3`, `questItem4`, `questItem5`, `questItem6`, `movementId`, `RegenHealth`, `equipment_id`, `mechanic_immune_mask`, `flags_extra`, `ScriptName`, `WDBVerified`) VALUES (100008, 0, 0, 0, 0, 0, 11375, 11376, 11377, 0, 'Mage', 'Glype Vendor', '', 0, 77, 77, 1, 1857, 1857, 128, 1, 1.42857, 1, 1, 371, 522, 0, 478, 4.6, 2000, 0, 1, 32768, 8, 0, 0, 0, 0, 0, 314, 466, 81, 7, 0, 0, 0, 0, 0, 0, 0, 0, 0, 0, 38661, 0, 0, 0, 0, 0, 0, 0, 0, 0, 0, 0, '', 1, 3, 2, 1, 1, 0, 0, 0, 0, 0, 0, 0, 144, 1, 952, 0, 0, '', 12340);
INSERT INTO `npc_vendor` (`entry`, `slot`, `item`, `maxcount`, `incrtime`, `ExtendedCost`) VALUES
('100008','0','42734','0','0','0'),
('100008','1','42735','0','0','0'),
('100008','2','42736','0','0','0'),
('100008','3','42737','0','0','0'),
('100008','4','42738','0','0','0'),
('100008','5','42739','0','0','0'),
('100008','6','42740','0','0','0'),
('100008','7','42741','0','0','0'),
('100008','8','42742','0','0','0'),
('100008','9','42743','0','0','0'),
('100008','10','42744','0','0','0'),
('100008','11','42745','0','0','0'),
('100008','12','42746','0','0','0'),
('100008','13','42747','0','0','0'),
('100008','14','42748','0','0','0'),
('100008','15','42749','0','0','0'),
('100008','16','42750','0','0','0'),
('100008','17','42751','0','0','0'),
('100008','18','42752','0','0','0'),
('100008','19','42753','0','0','0'),
('100008','20','42754','0','0','0'),
('100008','21','43339','0','0','0'),
('100008','22','43357','0','0','0'),
('100008','23','43359','0','0','0'),
('100008','24','43360','0','0','0'),
('100008','25','43361','0','0','0'),
('100008','26','43364','0','0','0'),
('100008','27','44684','0','0','0'),
('100008','28','44955','0','0','0'),
('100008','29','44920','0','0','0'),
('100008','30','45736','0','0','0'),
('100008','31','45737','0','0','0'),
('100008','32','45738','0','0','0'),
('100008','33','45739','0','0','0'),
('100008','34','45740','0','0','0'),
('100008','35','50045','0','0','0'),
('100008','36','43362','0','0','0');
INSERT INTO `creature` (`guid`,`id`,`map`,`spawnMask`,`phaseMask`,`modelid`,`equipment_id`,`position_x`,`position_y`,`position_z`,`orientation`,`spawntimesecs`,`spawndist`,`currentwaypoint`,`curhealth`,`curmana`,`MovementType`,`npcflag`,`unit_flags`,`dynamicflags`) VALUES
(209714, 100019, 571, 1, 1, 0, 952, 5797.69, 471.078, 658.784, 5.22389, 300, 0, 0, 16960, 0, 0, 0, 0, 0);

-- Warlock
REPLACE INTO `creature_template` (`entry`, `difficulty_entry_1`, `difficulty_entry_2`, `difficulty_entry_3`, `KillCredit1`, `KillCredit2`, `modelid1`, `modelid2`, `modelid3`, `modelid4`, `name`, `subname`, `IconName`, `gossip_menu_id`, `minlevel`, `maxlevel`, `exp`, `faction_A`, `faction_H`, `npcflag`, `speed_walk`, `speed_run`, `scale`, `rank`, `mindmg`, `maxdmg`, `dmgschool`, `attackpower`, `dmg_multiplier`, `baseattacktime`, `rangeattacktime`, `unit_class`, `unit_flags`, `dynamicflags`, `family`, `trainer_type`, `trainer_spell`, `trainer_class`, `trainer_race`, `minrangedmg`, `maxrangedmg`, `rangedattackpower`, `type`, `type_flags`, `lootid`, `pickpocketloot`, `skinloot`, `resistance1`, `resistance2`, `resistance3`, `resistance4`, `resistance5`, `resistance6`, `spell1`, `spell2`, `spell3`, `spell4`, `spell5`, `spell6`, `spell7`, `spell8`, `PetSpellDataId`, `VehicleId`, `mingold`, `maxgold`, `AIName`, `MovementType`, `InhabitType`, `Health_mod`, `Mana_mod`, `Armor_mod`, `RacialLeader`, `questItem1`, `questItem2`, `questItem3`, `questItem4`, `questItem5`, `questItem6`, `movementId`, `RegenHealth`, `equipment_id`, `mechanic_immune_mask`, `flags_extra`, `ScriptName`, `WDBVerified`) VALUES (100009, 0, 0, 0, 0, 0, 11375, 11376, 11377, 0, 'Warlock', 'Glype Vendor', '', 0, 77, 77, 1, 1857, 1857, 128, 1, 1.42857, 1, 1, 371, 522, 0, 478, 4.6, 2000, 0, 1, 32768, 8, 0, 0, 0, 0, 0, 314, 466, 81, 7, 0, 0, 0, 0, 0, 0, 0, 0, 0, 0, 38661, 0, 0, 0, 0, 0, 0, 0, 0, 0, 0, 0, '', 1, 3, 2, 1, 1, 0, 0, 0, 0, 0, 0, 0, 144, 1, 952, 0, 0, '', 12340);
INSERT INTO `npc_vendor` (`entry`, `slot`, `item`, `maxcount`, `incrtime`, `ExtendedCost`) VALUES
('100009','0','42453','0','0','0'),
('100009','1','42454','0','0','0'),
('100009','2','42455','0','0','0'),
('100009','3','42456','0','0','0'),
('100009','4','42457','0','0','0'),
('100009','5','42458','0','0','0'),
('100009','6','42459','0','0','0'),
('100009','7','42460','0','0','0'),
('100009','8','42461','0','0','0'),
('100009','9','42462','0','0','0'),
('100009','10','42463','0','0','0'),
('100009','11','42464','0','0','0'),
('100009','12','42465','0','0','0'),
('100009','13','42466','0','0','0'),
('100009','14','42467','0','0','0'),
('100009','15','42468','0','0','0'),
('100009','16','42469','0','0','0'),
('100009','17','42470','0','0','0'),
('100009','18','42471','0','0','0'),
('100009','19','42472','0','0','0'),
('100009','20','42473','0','0','0'),
('100009','21','43389','0','0','0'),
('100009','22','43390','0','0','0'),
('100009','23','43391','0','0','0'),
('100009','24','43392','0','0','0'),
('100009','25','43393','0','0','0'),
('100009','26','43394','0','0','0'),
('100009','27','45779','0','0','0'),
('100009','28','45780','0','0','0'),
('100009','29','45781','0','0','0'),
('100009','30','45782','0','0','0'),
('100009','31','45783','0','0','0'),
('100009','32','45785','0','0','0'),
('100009','33','45789','0','0','0'),
('100009','34','50077','0','0','0');
INSERT INTO `creature` (`guid`,`id`,`map`,`spawnMask`,`phaseMask`,`modelid`,`equipment_id`,`position_x`,`position_y`,`position_z`,`orientation`,`spawntimesecs`,`spawndist`,`currentwaypoint`,`curhealth`,`curmana`,`MovementType`,`npcflag`,`unit_flags`,`dynamicflags`) VALUES
(209710, 100020, 571, 1, 1, 0, 952, 5803.15, 473.972, 658.784, 4.95258, 300, 0, 0, 16960, 0, 0, 0, 0, 0);

-- Druid
REPLACE INTO `creature_template` (`entry`, `difficulty_entry_1`, `difficulty_entry_2`, `difficulty_entry_3`, `KillCredit1`, `KillCredit2`, `modelid1`, `modelid2`, `modelid3`, `modelid4`, `name`, `subname`, `IconName`, `gossip_menu_id`, `minlevel`, `maxlevel`, `exp`, `faction_A`, `faction_H`, `npcflag`, `speed_walk`, `speed_run`, `scale`, `rank`, `mindmg`, `maxdmg`, `dmgschool`, `attackpower`, `dmg_multiplier`, `baseattacktime`, `rangeattacktime`, `unit_class`, `unit_flags`, `dynamicflags`, `family`, `trainer_type`, `trainer_spell`, `trainer_class`, `trainer_race`, `minrangedmg`, `maxrangedmg`, `rangedattackpower`, `type`, `type_flags`, `lootid`, `pickpocketloot`, `skinloot`, `resistance1`, `resistance2`, `resistance3`, `resistance4`, `resistance5`, `resistance6`, `spell1`, `spell2`, `spell3`, `spell4`, `spell5`, `spell6`, `spell7`, `spell8`, `PetSpellDataId`, `VehicleId`, `mingold`, `maxgold`, `AIName`, `MovementType`, `InhabitType`, `Health_mod`, `Mana_mod`, `Armor_mod`, `RacialLeader`, `questItem1`, `questItem2`, `questItem3`, `questItem4`, `questItem5`, `questItem6`, `movementId`, `RegenHealth`, `equipment_id`, `mechanic_immune_mask`, `flags_extra`, `ScriptName`, `WDBVerified`) VALUES (100011, 0, 0, 0, 0, 0, 11375, 11376, 11377, 0, 'Druid', 'Glype Vendor', '', 0, 77, 77, 1, 1857, 1857, 128, 1, 1.42857, 1, 1, 371, 522, 0, 478, 4.6, 2000, 0, 1, 32768, 8, 0, 0, 0, 0, 0, 314, 466, 81, 7, 0, 0, 0, 0, 0, 0, 0, 0, 0, 0, 38661, 0, 0, 0, 0, 0, 0, 0, 0, 0, 0, 0, '', 1, 3, 2, 1, 1, 0, 0, 0, 0, 0, 0, 0, 144, 1, 952, 0, 0, '', 12340);
INSERT INTO `npc_vendor` (`entry`, `slot`, `item`, `maxcount`, `incrtime`, `ExtendedCost`) VALUES
('100011','0','40896','0','0','0'),
('100011','1','40897','0','0','0'),
('100011','2','40899','0','0','0'),
('100011','3','40900','0','0','0'),
('100011','4','40901','0','0','0'),
('100011','5','40902','0','0','0'),
('100011','6','40903','0','0','0'),
('100011','7','40906','0','0','0'),
('100011','8','40908','0','0','0'),
('100011','9','40909','0','0','0'),
('100011','10','40912','0','0','0'),
('100011','11','40913','0','0','0'),
('100011','12','40914','0','0','0'),
('100011','13','40915','0','0','0'),
('100011','14','40916','0','0','0'),
('100011','15','40919','0','0','0'),
('100011','16','40920','0','0','0'),
('100011','17','40921','0','0','0'),
('100011','18','40922','0','0','0'),
('100011','19','40923','0','0','0'),
('100011','20','40924','0','0','0'),
('100011','21','43316','0','0','0'),
('100011','22','43331','0','0','0'),
('100011','23','43332','0','0','0'),
('100011','24','43334','0','0','0'),
('100011','25','43335','0','0','0'),
('100011','26','43674','0','0','0'),
('100011','27','44928','0','0','0'),
('100011','28','44922','0','0','0'),
('100011','29','45601','0','0','0'),
('100011','30','45602','0','0','0'),
('100011','31','45603','0','0','0'),
('100011','32','45604','0','0','0'),
('100011','33','45622','0','0','0'),
('100011','34','45623','0','0','0'),
('100011','35','46372','0','0','0'),
('100011','36','48720','0','0','0'),
('100011','37','50125','0','0','0'),
('100011','38','40484','0','0','0'),
('100011','39','40948','0','0','0'),
('100011','40','43336','0','0','0');
INSERT INTO `creature` (`guid`,`id`,`map`,`spawnMask`,`phaseMask`,`modelid`,`equipment_id`,`position_x`,`position_y`,`position_z`,`orientation`,`spawntimesecs`,`spawndist`,`currentwaypoint`,`curhealth`,`curmana`,`MovementType`,`npcflag`,`unit_flags`,`dynamicflags`) VALUES
(209718, 100021, 571, 1, 1, 0, 952, 5804.45, 474.685, 658.785, 5.23305, 300, 0, 0, 16960, 0, 0, 0, 0, 0);